{
  "alive_features_aligned": 2130,
  "alive_features_baseline": 4672,
  "mean_density_aligned": 0.0040343169777935705,
  "mean_density_baseline": 0.004063668195158243,
  "mean_max_act_aligned": 2.0139613151550293,
  "mean_max_act_baseline": 4.750946521759033,
  "delta_alive": -2542,
  "delta_mean_density": -2.9351217364672645e-05,
  "delta_mean_max_act": -2.736985206604004,
  "baseline_metadata_path": "/home/vng598/C-ANNs/interp-alignment/output/sae_features/Qwen3-4B-Instruct-2507/chungimungi_SAE-Qwen_Qwen3-4B-Instruct-2507-layer_24_best/replot_metadata.npz"
}