{
  "alive_features_aligned": 3986,
  "alive_features_baseline": 3776,
  "mean_density_aligned": 0.003211609125137329,
  "mean_density_baseline": 0.003254314884543419,
  "mean_max_act_aligned": 0.3062421381473541,
  "mean_max_act_baseline": 0.3680837154388428,
  "delta_alive": 210,
  "delta_mean_density": -4.270575940608975e-05,
  "delta_mean_max_act": -0.06184157729148865,
  "baseline_metadata_path": "/home/vng598/C-ANNs/interp-alignment/output/sae_features/SmolLM3-3B/chungimungi_SAE-HuggingFaceTB_SmolLM3-3B-layer_19_best/replot_metadata.npz"
}