{
  "alive_features_aligned": 9974,
  "alive_features_baseline": 3028,
  "mean_density_aligned": 0.0031684437412616948,
  "mean_density_baseline": 0.004209587350487709,
  "mean_max_act_aligned": 2.193626642227173,
  "mean_max_act_baseline": 0.33795785903930664,
  "delta_alive": 6946,
  "delta_mean_density": -0.0010411436092260143,
  "delta_mean_max_act": 1.8556687831878662,
  "baseline_metadata_path": "/home/vng598/C-ANNs/interp-alignment/output/sae_features/Llama-3.2-3B-Instruct/chungimungi_SAE-meta-llama_Llama-3.2-3B-Instruct-layer_11_best/replot_metadata.npz"
}